,team,teamkpm,dpm,wpm,vspm,gpm,cspm,dtpm,wcpm,dmpm
0,Nongshim RedForce,0.3571911392405063,1905.5493670886076,3.6313772151898736,7.930240506329114,1084.0789746835444,32.92741898734177,2920.8937518987345,1.8183708860759493,2608.506651898734
1,DWG KIA,0.46768857142857145,2145.8444571428568,3.7570752380952377,8.27350380952381,1207.9232695238095,33.72138380952381,2834.0951199999995,1.7401533333333334,2638.3201895238094
2,Suning,0.4701956521739131,1969.7886797101455,3.827210144927536,,1171.4076449275362,,2798.6094434782603,1.6686768115942032,
3,EDward Gaming,0.5100708333333333,2015.1234458333336,3.3211375000000003,,1217.8418430555555,,2700.4605180555554,1.5974902777777777,
4,Oh My God,0.3652196721311476,1858.6273245901639,3.1694770491803284,,1054.7889229508196,,2954.8126622950817,1.4360573770491802,
5,ANEW Rising,0.5839000000000001,2208.9179777777777,2.827627777777778,6.545344444444445,1156.077338888889,30.68886111111111,3102.927677777778,1.0610111111111111,2887.7169166666663
6,Mirage Sport Électronique,0.6568849999999999,2149.7069725,2.435915,5.323852499999999,1127.0394199999998,29.4742475,2973.1133825,0.8520099999999999,2459.8810525
7,Supernova,0.6085141304347826,2147.5795684782606,2.676430434782609,6.317438043478259,1154.711640217391,30.59737173913043,3050.0797206521743,1.0641271739130433,2508.900089130435
8,ConViction,0.5488477611940297,1963.5987119402982,2.4567522388059704,5.953082089552239,1095.3502358208957,29.675064179104478,3165.140685074627,0.9822462686567165,2644.467297014925
9,Cloud9 Amateur,0.6169385542168674,2170.2463674698797,2.7881506024096385,6.697666265060241,1158.5143457831325,30.174553012048193,3087.2857771084336,1.2031915662650603,2672.9622915662653
10,SolaFide Esports,0.58760625,2241.4045781249997,2.87066875,6.699084375,1214.04155625,32.014179687500004,3081.2511750000003,1.185775,2770.5037796875
11,Super Sunshine Fruit Basket Warriors,0.5976928571428572,2353.7784642857146,2.6333357142857143,6.337535714285715,1142.6210142857142,29.919099999999997,3536.1843499999995,1.0599214285714285,2677.4279714285717
12,ANEW Blaze,0.6114666666666666,2269.6465222222223,2.6642333333333337,6.078519444444445,1180.077877777778,31.303972222222228,3166.4516916666666,1.1028166666666668,2831.634433333333
13,Rogue Warriors,0.2933912280701755,1683.2031122807016,3.1759087719298247,,970.087956140351,,2922.301219298246,1.4157526315789475,
14,Team WE,0.4525112903225807,1964.2774354838712,3.2180612903225803,,1160.9917596774194,,2828.7977887096768,1.6298112903225808,
15,JD Gaming,0.5028508474576271,2078.6754423728817,3.344723728813559,,1209.0527542372881,,2840.683505084746,1.5707966101694915,
16,Bilibili Gaming,0.3944848484848485,1947.1542560606063,3.313643939393939,,1132.672143939394,,2937.1392818181816,1.5186424242424246,
17,Royal Never Give Up,0.5360436893203884,1996.8622,3.5582407766990287,,1229.1040514563106,,2784.454898058252,1.6817912621359226,
18,CowBoySquad Imperials Esports,0.47168000000000004,2009.5191914285715,2.615642857142857,5.756468571428572,1012.3016742857142,28.265125714285716,3242.4235114285716,0.9338371428571427,2709.105782857143
19,KV Mechelen Esports,0.5754147058823529,2022.897455882353,2.855276470588235,6.798014705882353,1190.136973529412,30.951050000000002,3045.164544117647,1.2328058823529409,2564.699620588235
20,Ion Squad,0.43678518518518517,1937.5892925925928,2.6805074074074073,6.647011111111111,1068.5121,30.241581481481482,2787.0803074074074,1.2163148148148148,2428.5351
21,Rejects Gaming,0.5475333333333333,2439.9410000000003,2.7412000000000005,6.090566666666667,1062.3513333333333,29.639433333333333,3221.8254666666667,1.0869,3312.122066666667
22,Sector One,0.5426500000000001,2111.1045624999997,2.906809375,6.618253125,1206.0134874999999,32.567831250000005,2936.38509375,1.1162281250000001,2568.2219031249997
23,4Elements Esports,0.3802692307692307,1781.1293076923077,2.7948384615384616,6.018876923076922,1031.227476923077,31.526276923076924,2923.1546153846157,1.0287692307692307,2397.585284615385
24,Wichita Wolves,0.6257361111111112,2292.8986722222226,2.7330500000000004,6.384669444444445,1132.341811111111,28.60912222222223,3247.378863888889,1.0025305555555557,2781.933022222223
25,Dawn Esports,0.6450684210526316,2366.7770684210527,2.1914105263157895,5.370963157894737,1124.3627315789474,28.662628947368418,3550.2042315789463,0.8647947368421053,2624.7358842105264
26,Mirage Élite,0.60060625,2311.82680625,3.026475,6.20761875,1089.493475,29.27044375,3308.7214812499997,0.99486875,2783.5309500000003
27,Peak Performance Y,0.379,1846.9159499999998,2.5548,5.9110499999999995,1005.23455,29.8338,3120.148983333333,1.0924333333333334,2424.0529333333334
28,Team Clarity,0.5845782608695653,2234.454204347826,2.7295000000000003,6.4916782608695645,1117.5273304347827,28.983578260869564,3162.737360869565,1.0524782608695653,2765.010778260869
29,ReDefy Esports,0.5317000000000001,2365.2707434782606,2.5559347826086953,5.629147826086957,1058.199,28.63644347826087,3517.9150173913044,0.8769130434782609,3084.069573913043
30,Evil Geniuses Prodigies,0.5900489130434783,2061.644819565217,2.777275,6.329498913043479,1165.7335054347825,31.289029347826084,3044.9085130434783,1.0998065217391306,2555.8145163043473
31,Sign Us Please,0.754890909090909,2332.995172727273,2.6864,6.2258818181818185,1254.2709545454545,29.34469090909091,3041.887663636364,0.8524363636363635,2293.5986090909096
32,Wildcard Gaming Developmental,0.6468529411764705,2232.4488088235294,2.2112676470588233,5.488344117647059,1104.0282,28.458229411764705,3215.8223617647054,0.8437676470588235,2402.2431529411765
33,Crystal Cave Gaming Emerald,0.5311909090909092,2052.843809090909,2.622775757575758,5.744363636363636,1047.1873090909091,28.963575757575757,3345.3990575757575,0.8646878787878788,2688.3518393939394
34,Chilly Mountain Wolves,0.5645333333333332,2135.689375,2.6954,5.863966666666667,1036.5486583333334,28.800458333333335,3309.4137250000003,1.0067583333333334,2543.8653333333336
35,Striking Vipers,0.48684285714285713,1789.9551714285715,2.7004542857142857,5.7988857142857135,1009.1430485714285,29.67448,3297.774154285714,0.9863885714285717,2570.6785971428576
36,Winthrop University,0.5661274193548388,2165.1439354838703,2.879517741935484,6.850648387096774,1116.2695177419355,29.655303225806456,3108.8579629032265,1.2603612903225805,2726.880927419355
37,Peak Performance X,0.49702500000000005,1959.8256125,2.3813874999999998,5.908849999999999,997.5560625,28.677325,3298.0254625,0.929,2431.7561625
38,100 Thieves Next,0.57360625,2020.288914583333,2.598479166666667,6.270058333333334,1097.55903125,29.63858333333333,3072.4962625000003,1.0507833333333334,2440.254841666667
39,Wildcard Gaming,0.6308118644067798,2228.398889830509,2.9655016949152544,6.609303389830508,1150.2217491525423,29.46186440677966,3311.0232593220344,1.1225881355932206,2842.288052542373
40,Barrage.NA,0.584803448275862,2004.2687643678162,3.033763218390805,6.7062701149425274,1161.2633781609195,31.09936551724138,2968.2482816091956,1.1093402298850574,2675.6740459770117
41,FrostFire,0.578507142857143,2208.5937785714286,2.382964285714286,5.659407142857144,1111.1542857142856,29.388635714285716,3227.448057142857,1.0791785714285713,2682.418528571428
42,Revival,0.578438947368421,2038.8561673684212,2.627148421052631,6.085054736842105,1120.6584063157893,29.449798947368418,3118.7636452631573,1.030717894736842,2728.17285368421
43,Illinois State University,0.7519442307692307,2584.839557692307,2.4784596153846157,5.775146153846155,1227.7878576923076,29.430778846153846,3592.5840115384613,0.9937807692307692,2941.3923923076927
44,unknown team,0.595864224137931,2237.788822413793,2.5654788793103447,,1107.414714224138,29.03996724137931,3266.48279612069,0.957426724137931,
45,Bay State College,0.5632404255319149,2275.255010638298,2.8184340425531915,6.360808510638298,1104.1397425531914,29.500861702127658,3180.385376595744,1.1193510638297872,2845.905261702127
46,ANEW Esports,0.7658799999999999,2401.134962857143,2.6656714285714287,6.682411428571427,1309.8789857142856,31.930925714285706,3030.5383514285713,1.2405457142857144,2273.639411428571
47,Top Esports,0.5636,2216.4906147058823,3.1130573529411762,,1250.1755573529413,,2885.312222058823,1.6686661764705881,
48,The Spawn Esports,0.35646666666666665,1829.0308333333335,2.4758,5.441333333333333,899.6194666666667,28.952333333333332,3057.581733333333,0.9487333333333333,2323.118233333333
49,Dynasty,0.39888928571428567,1925.771575,2.813557142857143,6.153199999999999,1049.1433785714285,29.87617857142857,2904.8701535714285,1.0491,2757.017260714286
50,Team Echo Zulu,0.49330344827586214,1951.9178034482761,3.041655172413793,6.548455172413792,1115.0701586206897,31.706506896551723,2853.7011,1.1643758620689655,2536.629603448276
51,Team THRLL,0.34523157894736844,1721.839810526316,2.5572105263157896,5.96242105263158,992.1894210526317,30.363063157894736,3211.8750631578946,1.1555894736842107,2791.1377315789473
52,LowLandLions,0.3789526315789473,1811.646957894737,3.2756105263157895,7.053794736842105,1047.399205263158,31.61422105263158,2894.9642368421055,1.1931105263157893,2428.5484052631587
53,Not Academy Team,1.397125,3257.3851750000003,2.5477499999999997,5.536074999999999,1580.9532,34.066125,3415.3256499999998,0.60635,2613.312475
54,Shu Dai Xiong Gaming,0.5416652173913042,2020.0445336956516,3.115319565217391,,1233.087568478261,33.87138586956522,2922.7054923913042,1.422908695652174,
55,KT Rolster,0.33596891891891895,1758.6074337837838,3.752518918918919,7.934212162162162,1097.3470202702701,34.072327027027015,2807.7122608108107,1.7729905405405406,2499.2357959459464
56,Invictus Gaming Young,0.42985777777777784,1902.1223933333333,3.0294766666666657,,1137.0898755555556,33.02799777777778,2772.8424622222224,1.5100677777777778,
57,Suning-S,0.5237905882352941,2095.0209141176474,3.038795294117647,,1134.4455011764705,,2949.75656,1.3105717647058823,
58,LNG Academy,0.5231898876404494,1954.4531112359548,3.1616202247191008,,1192.9992280898875,32.933101123595506,2944.1505539325844,1.2867550561797751,
59,Gen.G,0.40180399999999994,1823.6943346666665,3.9668586666666656,8.559258666666667,1175.7606946666665,34.75872400000001,2658.2406093333334,1.944756,2446.2896426666666
60,Rare Atom Period,0.4442670454545455,1975.0775125,2.9856977272727274,,1153.873896590909,33.092878409090915,2946.332754545454,1.4059693181818183,
61,Victory Five,0.34249830508474577,1757.3929644067798,3.1053644067796604,,1038.5987220338984,,2899.1311220338985,1.3836491525423729,
62,Hanwha Life Esports,0.40346973684210524,2019.2306499999995,3.6419394736842112,8.205128947368424,1135.7529710526317,33.76817105263158,2928.658519736842,1.887797368421053,2613.1462052631578
63,EDG Youth Team,0.5299893617021276,2087.825439361702,3.274156382978723,,1204.5372063829786,33.218941489361704,2815.367379787234,1.4375776595744683,
64,Invictus Gaming,0.4686934426229509,2024.3411426229509,3.2194983606557384,,1156.756718032787,,2783.908,1.5402344262295085,
65,WanZhen Esports Club,0.4741795454545455,1929.4168090909093,3.0668147727272723,,1128.8982375,31.564527272727272,2905.0718147727275,1.3019261363636363,
66,T1,0.4035052631578947,1877.8774328947368,3.80688552631579,8.079113157894737,1171.2300421052632,33.82468552631578,2687.646619736842,1.7455328947368416,2316.7004434210526
67,V5 87,0.4433813186813187,1970.6939923076923,3.0363747252747255,,1132.0313714285714,32.53032197802197,2992.7920736263736,1.439085714285714,
68,Samsung Morning Stars,0.42904146341463417,1859.209448780488,3.2433634146341457,6.855436585365854,1070.8044146341463,30.97839512195122,2811.183668292683,1.1878414634146341,2413.681273170732
69,Romulea eSport,0.46998571428571434,1963.9976,3.130109523809524,6.866295238095238,1039.8497095238095,29.29594285714286,3077.8377619047615,1.285295238095238,2531.138880952381
70,Axolotl,0.38210882352941183,1886.7972352941176,2.935158823529412,6.687085294117647,1040.1282176470588,30.663052941176467,2827.193152941177,1.2730176470588235,2491.4232970588237
71,Cyberground Gaming,0.38418857142857143,1779.9758114285714,2.8536514285714287,6.6544,1016.4115342857142,30.014139999999998,2821.561794285714,1.2207114285714287,2654.35632
72,MAX,0.4117438202247191,1941.0445955056182,3.045134831460674,,1081.6421505617977,31.588565168539322,3050.744006741573,1.3085662921348313,
73,Liiv SANDBOX,0.3603424242424243,1825.670646969697,3.685207575757576,7.962387878787878,1109.0483757575757,33.76279545454545,2810.666475757576,1.848190909090909,2517.2980727272734
74,eStar Young,0.3665065573770492,1843.5478147540982,3.3262688524590165,,1045.212331147541,31.87181639344262,3021.8602819672133,1.3693491803278686,2592.421786885245
75,Sheng Jie Gaming,0.43526060606060607,1855.4118545454544,2.8663303030303027,,1111.7892969696968,32.35554545454546,2979.502096969697,1.295448484848485,
76,FunPlus Phoenix Blaze,0.6061173913043478,2178.417243478261,2.810959782608696,,1230.5558869565218,32.22272934782609,3075.5471445652174,1.4260804347826086,
77,Royal Club,0.5651337078651686,2095.932905617977,3.386880898876404,,1218.3722033707863,32.54657528089888,2791.44647752809,1.5443022471910113,
78,LGD Gaming Young Team,0.40713950617283945,1866.8737827160494,2.8511950617283954,,1011.6719123456788,29.771856790123454,2982.20707654321,1.2594654320987655,
79,All Combo,0.3615538461538461,1781.3555051282056,2.8776641025641028,,1035.0815256410253,31.54341794871794,2982.452338461538,1.3095064102564105,
80,Afreeca Freecs,0.34727164179104475,1848.8015014925372,3.7901000000000002,8.47994328358209,1101.9362552238806,33.276662686567164,2829.328991044776,1.920120895522388,2528.226446268657
81,Team WE Academy,0.5368674157303371,2157.642675280899,2.9962505617977526,,1164.187297752809,31.880987640449433,3067.4747438202244,1.338520224719101,
82,DRX,0.29710000000000003,1858.3424440000001,3.6473453333333334,7.768305333333334,1079.8182493333334,34.25950133333334,2780.4871999999996,1.7247306666666669,2524.230924
83,Outplayed,0.46968125,2085.148621875,3.3080687500000003,7.317721875,1098.233475,30.81949375,2778.95681875,1.2840218749999999,2523.051734375
84,GG&amp;Esports,0.492292,2018.750664,3.142156,7.4235120000000006,1180.314748,32.425316,2740.0466400000005,1.31886,2211.43666
85,Mkers,0.4346654545454545,1917.596072727273,3.059379999999999,7.095667272727274,1103.2,31.376745454545453,2837.224025454546,1.3200090909090911,2352.7015927272723
86,Macko Esports,0.47138599999999997,1894.724986,3.1106579999999995,7.362843999999999,1151.68559,32.049384,2732.2648,1.298074,2443.2970539999997
87,Oh My Dream,0.4478880952380953,1995.094620238095,3.0221940476190476,,1090.105394047619,31.183973809523806,2965.083267857143,1.4874345238095237,
88,Bilibili Gaming Junior,0.5338432098765431,2108.345337037037,3.2748123456790124,,1209.1641827160493,32.88568765432098,2948.380212345679,1.3685271604938272,
89,Fredit BRION,0.2743184615384616,1647.9119307692306,4.037681538461538,8.387559999999999,1039.98642,33.838466153846156,2595.919652307692,1.9188615384615384,2372.824506153846
90,eStar,0.34076111111111107,1738.0180555555553,3.4012472222222225,,1033.5135249999998,,2824.3288888888887,1.5427388888888887,2533.105644444445
91,Rogue Warriors Shark,0.46087529411764705,2012.8885070588237,3.019795294117647,,1123.0291247058822,,2964.0228411764706,1.320924705882353,
92,Kaisa Gaming,0.4409522222222222,2067.350548888889,2.805388888888889,,1071.5644177777779,30.735907777777776,3176.8562222222226,1.296433333333333,
93,Rare Atom,0.3927942028985507,2002.8024710144925,3.3598449275362317,,1148.0700057971014,,2888.7389739130435,1.7249347826086954,
94,Bulldog Esports,0.4402051282051282,1936.6448256410258,2.744279487179487,6.562789743589744,1068.3940307692308,30.680989743589734,2888.0954076923076,1.108425641025641,2680.3881666666666
95,nerdRage,0.26833333333333337,1448.4831666666666,2.5818999999999996,6.528866666666667,941.4935333333333,29.914133333333336,3058.429833333333,1.1645666666666667,2577.0462666666667
96,TSM,0.356471186440678,1820.0889644067797,3.4099169491525423,7.8088559322033895,1117.0043881355932,32.50568983050847,2705.33756440678,1.4288440677966106,2497.0742016949152
97,Counter Logic Gaming,0.321275,1757.9619774999999,3.4926049999999997,7.428475000000001,1052.3566150000001,32.362790000000004,2882.291,1.3565774999999998,2552.2891250000002
98,Cloud9,0.45174320987654315,1868.7977185185184,3.293074074074074,7.596724691358025,1173.3422296296296,33.876991358024696,2763.930408641976,1.4967432098765434,2669.4177185185185
99,FlyQuest,0.3293904761904762,1783.823019047619,3.272278571428571,7.245588095238095,1033.0338047619048,31.975245238095237,2907.591719047619,1.407952380952381,2612.218004761905
100,Golden Guardians,0.2909690476190476,1856.6139357142858,3.2720380952380954,7.19215,1021.0072214285714,32.21608809523809,2809.2731166666667,1.5032023809523811,2638.9760499999998
101,Joy Dream,0.4949689655172413,2060.513547126437,2.880034482758621,,1141.391888505747,31.173788505747133,2951.8331954022988,1.2432252873563219,
102,Top Esports Challenger,0.49773170731707306,2017.795669512195,3.0276097560975614,,1144.2027329268294,32.142852439024395,2873.809868292683,1.423339024390244,
103,Young Miracles,0.5815648936170214,2094.7777691489364,3.0601914893617024,,1240.2412744680848,33.13139893617021,2968.1438989361714,1.3182893617021276,
104,LGD Gaming,0.38221428571428573,1909.7114714285713,3.091514285714286,,1075.621246031746,,2855.6510761904756,1.5716063492063492,
105,FunPlus Phoenix,0.53138625,2132.178805,3.2553812500000006,,1254.37047125,,3004.95352,1.4762775,
106,LOUD,0.45214,1956.138008571429,3.5109485714285715,7.730514285714287,1140.7448685714282,31.681205714285717,2853.2714057142853,1.4471142857142856,2683.2419285714286
107,FURIA Esports,0.3744999999999999,1884.77296,3.250613333333334,6.889036666666667,1053.79326,31.251873333333336,2953.684513333333,1.2764566666666668,2530.669426666667
108,RED Canids,0.5074842105263159,1963.7250894736835,3.3780973684210522,7.1631289473684205,1156.4272210526315,32.32435789473684,2924.482271052632,1.2468578947368423,2726.38602368421
109,Cruzeiro eSports,0.3375611111111112,1582.6708277777777,2.9904722222222224,6.413872222222222,1011.1558944444444,31.42193333333333,2836.947722222222,1.1329777777777779,2581.703877777778
110,Vorax,0.49511538461538457,1895.7915961538458,3.313426923076923,7.573565384615383,1156.961646153846,31.90286923076923,2711.388711538462,1.451446153846154,2508.5271423076924
111,Immortals,0.3506595238095238,1707.6762595238094,3.5920476190476185,7.71637619047619,1069.9284357142858,32.846345238095246,2544.6952880952385,1.3975952380952381,2161.412033333333
112,Dignitas,0.39381860465116286,1772.8985674418607,3.0020953488372095,7.250611627906975,1082.305723255814,31.806695348837213,2812.742960465116,1.4953093023255812,2632.5613279069767
113,100 Thieves,0.4197701754385965,1849.3086087719298,3.3566333333333334,7.878842105263159,1167.3971877192982,33.107578947368424,2771.371010526316,1.5399368421052633,2437.3750754385965
114,ThunderTalk Gaming,0.3344033333333333,1797.8277433333335,3.2360666666666664,,1046.4410533333332,,3065.8972849999996,1.4702516666666665,
115,LNG Esports,0.40959523809523807,1839.04316984127,3.4477396825396833,,1125.6320063492064,,2768.406463492064,1.4894793650793652,
116,INTZ,0.35246,1752.7308200000002,3.534206666666667,7.4394833333333334,1048.67456,31.828066666666665,2766.9249166666655,1.4781033333333333,2335.992006666667
117,Rensga eSports,0.3660366666666667,1884.9996333333336,3.1899133333333345,7.191550000000001,1036.2386099999999,31.018956666666668,2818.9955766666662,1.4107033333333332,2309.573416666666
118,Flamengo Esports,0.5012971428571429,2047.8527742857148,3.5369914285714286,7.697897142857141,1167.2837657142857,32.11927428571428,2703.531162857143,1.47154,2469.5748999999996
119,NVision Esports,0.37796923076923067,1932.440223076923,3.0655,6.759607692307692,1028.6048653846153,30.307046153846155,2867.135980769231,1.0673653846153845,2449.906953846154
120,paiN Gaming,0.5031500000000001,1986.5744620000003,3.48213,7.602642,1189.346414,32.635456,3037.7689880000003,1.454016,2697.106076
121,MnM Gaming Academy,0.43268125,1835.00495,2.90295625,6.597125,1037.6992375,28.881443750000003,2965.7919125,1.1510937500000002,2520.9239187499998
122,London Esports,0.4566617647058823,1807.1849352941178,3.1044882352941183,6.899058823529411,1121.0809852941177,31.122697058823526,2678.8339176470586,1.1809441176470588,2552.9668558823523
123,Team Liquid,0.448489552238806,1982.7282970149254,3.094402985074627,7.610416417910448,1186.237123880597,33.58969104477612,2693.3588761194023,1.5120910447761196,2501.542843283582
124,Evil Geniuses,0.45119183673469393,1996.841069387755,3.3853061224489793,7.629606122448979,1144.1760693877552,32.26226734693878,2979.1416469387755,1.5020367346938777,2748.2191367346936
125,BLACKLIST,0.6076318181818182,2242.023227272727,2.8680727272727276,6.155431818181818,1080.3561136363637,28.095950000000002,3542.565931818182,0.9827999999999997,2739.1812909090913
126,DRX Challengers,0.42105714285714285,1866.3894571428568,3.4225514285714285,7.993222857142858,1162.7393028571428,33.83313428571429,2828.517048571429,1.7579714285714287,2477.35516
127,KT Rolster Challengers,0.39936562500000006,1769.940534375,3.652378125,7.758696875,1093.04185,32.268903125,2642.476853125,1.750971875,2335.672696875
128,Afreeca Freecs Challengers,0.3123724137931035,1726.1372379310346,3.466879310344827,7.362224137931034,1031.2554551724138,32.31932068965517,2621.9904655172413,1.5878275862068965,2363.4833896551727
129,Team Pinnacle,0.4413318681318681,1888.281620879121,3.2271076923076927,,1142.975768131868,32.78224285714286,2908.6979428571426,1.4587483516483515,
130,Fredit BRION Challengers,0.4273533333333333,1853.1005799999996,3.47236,7.44158,1073.7355533333334,30.290379999999992,2827.54618,1.5049866666666667,2448.6828299999997
131,T1 Challengers,0.51884,2007.5635257142858,3.2300228571428575,7.350605714285713,1190.63872,33.14967714285715,2803.5740685714286,1.629257142857143,2465.1682257142857
132,Gamespace Mediterranean College Esports,0.4474261904761904,1964.0931738095237,3.1756809523809526,7.020907142857143,1096.8073380952378,30.846261904761903,2979.926988095238,1.323492857142857,2725.772995238095
133,MAD Lions Madrid,0.3851625,1803.662625,3.4641062500000004,7.786984375,1111.083034375,32.604862499999996,2618.63283125,1.4900156249999998,2485.169559375
134,Team 7AM,0.4091473684210527,1884.170457894737,2.7531842105263156,5.883305263157895,1024.9788684210525,29.648778947368424,2815.860542105263,0.9620052631578948,2467.1834894736844
135,Enclave,0.417051724137931,1912.4122413793104,2.810768965517241,6.878420689655173,1092.860972413793,31.000982758620694,2811.6027241379315,1.182358620689655,2623.244272413794
136,BCN Squad,0.358760606060606,1877.1972878787878,2.9772424242424242,6.794857575757576,1035.8576242424242,30.931318181818177,2895.394760606061,1.3227030303030305,2622.2368484848485
137,Hive Athens EC,0.43738235294117644,1882.3966,2.7663058823529414,5.811494117647059,983.172188235294,28.852570588235295,2911.5740411764705,0.9154000000000001,2382.6270529411763
138,Barrage Academy,0.4315642857142857,1752.8724857142859,2.607971428571428,6.492171428571429,1054.445542857143,29.335328571428573,2662.4732214285714,1.2811214285714285,2421.259064285714
139,eMonkeyz,0.333840625,1662.940315625,2.9624156249999998,6.660275,1011.621165625,31.014287500000002,2655.465065625,1.208971875,2417.90165625
140,Team Phantasma,0.6155634146341463,2156.666897560975,2.9019463414634146,6.531902439024389,1188.9820512195122,30.391829268292685,2995.7763146341463,1.1574536585365853,2635.6226146341464
141,Demise,0.367645,1814.15061,2.5971350000000006,6.4308000000000005,1001.3505499999999,29.824654999999996,2936.580465,1.03398,2652.569375
142,Vodafone Giants.Spain,0.3447625,1864.3590749999998,3.3876975000000003,7.569017499999999,1095.6892524999998,32.49639,2754.2250225,1.4505875,2650.4041150000003
143,KRC Genk Esports,0.42334736842105264,1859.1721894736845,2.6570842105263157,6.009878947368421,1042.4648157894737,29.94426842105263,2930.878621052632,1.101136842105263,2496.4661
144,Movistar Riders,0.4625333333333333,1921.6985027777773,3.3504416666666668,7.273447222222221,1153.809486111111,32.62929166666666,2924.1909111111113,1.2883777777777778,2584.5099833333334
145,Nongshim RedForce Challengers,0.4026290322580645,1875.0779580645162,3.4030903225806446,7.544138709677418,1124.4006677419356,33.2382064516129,2880.9542193548386,1.6737967741935482,2604.333993548387
146,DWG KIA Challengers,0.34798275862068967,1645.420513793103,3.5605620689655173,7.400737931034483,1073.6392862068965,33.08291034482758,2752.0064517241376,1.5106310344827585,2304.879486206896
147,Hanwha Life Esports Challengers,0.3907904761904762,1784.0996714285714,3.0666380952380954,7.291378571428571,1127.7303666666667,34.02047619047619,2748.9349857142856,1.5363309523809523,2377.2313690476185
148,Gen.G Challengers,0.4317457142857143,1850.1763485714287,3.5916714285714284,7.918631428571429,1151.7788657142858,33.20862857142857,2688.2833542857143,1.7173771428571427,2472.9554171428567
149,7more7 Pompa Team,0.3085,1639.3741619047619,3.164890476190476,7.0576285714285705,1045.0778142857143,32.55919523809524,2647.4379380952378,1.244409523809524,2735.868638095238
150,EURONICS Gaming,0.39493437499999995,1737.8441125,3.18071875,6.918675,1031.166725,30.84871875,2762.491325,1.20896875,2362.55413125
151,devils.one,0.3632758620689654,1773.575548275862,2.92256551724138,6.543744827586206,999.4007793103448,30.672144827586205,2904.783786206896,1.1203310344827586,2574.7940862068954
152,PSV Esports,0.48685999999999996,2004.9631171428573,3.0572742857142856,6.92874,1153.3157199999998,32.61447428571429,2652.3867600000003,1.1189657142857141,2521.4408571428576
153,LDLC OL,0.377578125,2025.3577906249998,3.1667281249999997,7.318828125,1088.206071875,32.22086875,2887.4814,1.3287499999999999,2408.2586843749996
154,Zerolag Esports,0.5635083333333334,2169.126291666667,2.9924979166666668,6.9235854166666675,1133.29454375,30.098450000000003,3026.4196479166662,1.2129729166666665,2590.2986645833334
155,Nordavind,0.42378421052631576,1900.0008421052632,2.8647315789473686,7.224734210526317,1128.2800842105264,32.21307894736842,3067.2175921052635,1.388544736842105,2630.2802815789473
156,Unicorns Of Love Sexy Edition,0.35446410256410266,1779.181364102564,3.193128205128205,7.022802564102564,1058.0652615384615,32.18682820512821,2745.114823076923,1.213825641025641,2616.271674358975
157,Gentlemen's Gaming,0.32116153846153844,1618.133726923077,2.8494192307692305,6.569023076923077,973.4664769230768,29.8664,2842.8879730769236,1.1497692307692307,2583.9239730769236
158,Team Refuse,0.5019882352941177,2014.196138235294,2.779220588235294,6.582852941176471,1095.483617647059,29.929491176470584,3275.1373558823534,1.261744117647059,2867.1107352941176
159,mCon esports Rotterdam,0.4903909090909091,2136.104072727273,2.786745454545454,6.7762590909090905,1131.1999636363637,30.767186363636366,3101.186322727273,1.270459090909091,2576.5383727272724
160,AGO ROGUE,0.4950833333333334,1910.6821190476192,3.1168380952380956,7.225240476190477,1198.2203357142857,33.655966666666664,2579.4891023809523,1.3849142857142858,2400.966273809524
161,PENTA 1860,0.44704062499999997,1906.490771875,3.009440625,6.962015624999999,1109.032040625,31.986400000000003,2902.39236875,1.3042875,2545.2740999999996
162,Karmine Corp,0.6194134615384616,2230.7068884615383,3.129298076923077,7.495586538461537,1249.7491096153847,32.561178846153844,2985.5334365384615,1.4026230769230768,2769.1092211538466
163,Dusty,0.4626324324324324,1963.5409216216217,2.9830189189189187,6.57334864864865,1070.3592216216216,30.735118918918925,2992.8667378378377,1.0985810810810812,2565.827678378378
164,LOUD Academy,0.4401171428571429,2005.854562857143,3.3825628571428576,7.561237142857141,1127.295517142857,31.52697142857143,2765.402522857143,1.3194114285714287,2646.783782857143
165,Anorthosis Famagusta Esports,0.6460787234042553,2255.177940425532,2.7445638297872343,6.71038085106383,1212.883555319149,30.622829787234032,3110.4680531914883,1.2596191489361703,2828.8141851063833
166,SK Gaming Prime,0.49461944444444456,1956.533655555556,3.114658333333333,6.974977777777777,1173.4271805555554,32.12530833333333,2999.5284083333336,1.2249944444444445,2672.663661111111
167,Solary,0.40058125,1850.6621343749998,3.17440625,7.017203125,1077.91979375,31.273031250000003,2883.486484375,1.30981875,2585.6133531250002
168,Godsent,0.351523076923077,1854.061923076923,2.944169230769231,6.355892307692307,1026.4451846153847,30.944476923076927,2990.952130769231,1.1266807692307692,2535.5029076923074
169,FURIA Academy,0.4328871794871795,1876.0121948717947,3.297817948717949,7.859225641025641,1135.3506538461536,32.196092307692304,2757.373582051282,1.4410282051282053,2588.380794871795
170,FC Schalke 04 Evolution,0.49455636363636357,2000.3006309090906,3.1820127272727263,7.212996363636364,1146.2774145454546,31.63228181818182,2996.32322,1.3534709090909094,2639.1637145454547
171,Team MCES,0.275515625,1793.0088125,3.496925,6.977240625,995.414321875,31.48484375,2762.353128125,1.317096875,2329.53265625
172,Barrage,0.462075,2120.66581875,3.2583375,7.16646875,1120.5402749999998,31.09585,3302.44598125,1.2197875000000002,2967.0742312499997
173,RED Academy,0.378555,1746.8674675000002,3.2937225,7.5533625,1065.6482225,31.106350000000003,2684.683175,1.3699975,2529.07935
174,GameWard,0.4449916666666667,1967.2008166666665,3.2271583333333336,7.051338888888888,1094.4359138888888,31.206858333333336,3022.2241583333325,1.2720805555555552,2542.1268555555557
175,Cruzeiro Academy,0.3190277777777778,1733.9729055555554,3.2653444444444446,7.043216666666667,982.0089111111112,30.794444444444448,2816.974366666667,1.3047222222222221,2539.08465
176,Vorax Academy,0.4123727272727273,1828.6233590909096,3.5696636363636363,7.7490227272727275,1075.9106045454546,31.302859090909088,2607.6684909090905,1.4070954545454546,2404.376368181818
177,TWELVE,0.41662439024390246,1783.163712195122,2.983320731707317,,1068.447418292683,31.521467073170736,2920.398869512195,1.2968609756097562,
178,K1CK,0.3898229166666667,1897.42015,3.4876583333333335,7.705618749999999,1112.6291354166667,31.82403125,2588.3213,1.3794562499999998,2462.675960416667
179,UCAM Esports Club,0.44167843137254903,2006.0813235294113,3.4122745098039213,7.950311764705882,1158.2306725490196,33.075649019607845,2820.85728627451,1.5350490196078432,2583.8973588235294
180,Team ESCA Gaming,0.361276923076923,1623.9473307692306,2.8919346153846157,6.433869230769231,1051.108453846154,30.345634615384615,2732.632484615385,1.169823076923077,2343.241396153846
181,Riddle Esports,0.46226000000000006,2045.677472,3.01642,6.8773919999999995,1155.077296,32.762992,2817.7519039999997,1.204536,2654.5982799999997
182,E WIE EINFACH E-SPORTS,0.4173,1866.7349969696968,2.8965999999999994,6.503348484848484,1045.7743,30.350984848484853,3023.9240696969696,1.1760515151515152,2718.447933333334
183,Vitality.Bee,0.5004111111111111,1960.8379777777777,3.2964148148148147,7.559485185185185,1170.6059055555554,32.48357407407408,2700.10427962963,1.37825,2435.113809259259
184,MnM Gaming,0.48253870967741935,1990.1142548387095,3.0385870967741937,6.648648387096775,1099.5293741935484,31.125593548387094,3047.2109096774197,1.159783870967742,2719.328470967742
185,Misfits Premier,0.49509795918367344,1999.4798632653062,3.473995918367347,7.339412244897959,1164.6608387755102,32.0325693877551,2890.576848979592,1.3127265306122449,2525.649234693878
186,INTZ Academy,0.27397666666666665,1604.3509566666667,3.5770833333333334,7.310930000000001,955.8411366666667,30.853876666666665,2752.3678766666667,1.3425299999999998,2559.988416666666
187,Berlin International Gaming,0.6885840000000001,2301.2088559999997,3.1798559999999996,7.204559999999999,1241.5863520000003,30.884645999999996,2980.2273680000003,1.260498,2418.905436
188,Cream Real Betis,0.4026959183673469,1879.0898857142856,3.3579163265306122,7.524381632653061,1107.9385612244896,32.10718571428572,2905.324304081633,1.4292081632653062,2886.3064714285715
189,Golden Guardians Academy,0.5048329787234044,2019.8627957446809,3.32199255319149,7.248630851063831,1134.889945744681,31.695436170212766,2965.725251063829,1.2215691489361704,2526.5163244680853
190,BT Excel,0.5581775510204081,2168.960418367347,3.071610204081632,7.1668653061224505,1193.1700714285714,31.715579591836736,2907.658967346939,1.3650918367346938,2591.897718367347
191,Dignitas Academy,0.4422440000000001,1971.4583339999997,2.974988,6.833864,1100.610776,31.900484000000002,2952.7383059999993,1.2560200000000001,2688.811252
192,IZI Dream,0.3085,1665.1674937500002,3.13464375,6.80608125,998.872740625,31.52659375,2854.855215625,1.233378125,2528.65219375
193,Rensga Academy,0.47688205128205124,2033.332928205128,3.0670641025641023,6.978330769230768,1105.042994871795,31.19750769230769,2911.6242871794875,1.3098846153846153,2608.3612076923073
194,Cloud9 Academy,0.53509,2043.56994,3.200208,7.1285419999999995,1190.7529060000002,33.332288,2875.202574,1.3364760000000002,2612.321544
195,Flamengo Academy,0.5021102564102563,1909.3624179487185,3.324551282051283,7.650189743589745,1187.7362179487181,32.50565384615385,2774.9595333333327,1.4337897435897433,2591.6674820512817
196,paiN Gaming Academy,0.3970466666666667,1845.3838900000003,3.3363899999999997,7.7525200000000005,1069.9094933333333,31.104599999999998,2848.1838466666663,1.4139866666666667,2526.2627833333336
197,100 Thieves Academy,0.5537907692307692,2256.271684615385,3.14126,7.215330769230769,1191.921103076923,32.41055076923077,3111.284833846154,1.3388569230769232,2801.165390769231
198,FlyQuest Academy,0.5160228070175439,2070.926989473684,3.0066385964912286,6.678535087719298,1175.9134315789474,32.78065789473684,2905.303519298246,1.2616912280701755,2655.579933333333
199,SuperMassive Academy,0.5269782608695652,1755.5870521739132,3.1417695652173907,7.105282608695651,1110.836139130435,30.006408695652176,2733.2682739130432,1.1918608695652173,2458.694747826087
200,Dark Passage Academy,0.3510607142857144,1768.1454750000005,2.723821428571429,6.261285714285714,1012.5243892857144,30.914875000000002,2725.0587071428567,1.124757142857143,2360.8960714285713
201,1907 Fenerbahçe Academy,0.37129999999999996,1736.033313793103,3.076331034482758,6.762465517241379,1045.573948275862,31.404199999999996,2717.7791,1.1986724137931033,2396.4958758620687
202,mousesports,0.5425019607843137,2251.5226627450984,2.934013725490196,6.897105882352942,1171.018611764706,31.657525490196083,2965.710535294118,1.2078823529411766,2668.502205882353
203,Galakticos Academy,0.5695837837837838,1893.2090891891894,2.8791216216216218,6.696675675675676,1198.1957000000002,32.37842432432432,2718.740008108108,1.150589189189189,2362.3755621621626
204,Tricked Esport,0.4125806451612903,1996.5103225806454,3.2546096774193547,7.677329032258065,1129.9577967741936,32.52396774193548,2735.1166645161284,1.5179709677419353,2391.995029032258
205,GamersOrigin,0.434109375,1929.577290625,3.17119375,7.438921875,1105.90425,31.68208125,2953.867834375,1.45109375,2773.935453125
206,Team AURORA Academy,0.435065,1736.9654524999999,3.0088549999999996,6.937035,1077.73904,31.213215,2804.2901325,1.3567274999999999,2644.9919824999997
207,G2 Arctic,0.447958,1989.909692,3.478648,7.694766,1176.5962160000001,32.594849999999994,2870.1071159999997,1.4179599999999999,2513.4900059999995
208,Team BDS,0.4723333333333334,2072.045436111111,3.442569444444445,7.447397222222222,1145.849508333333,32.626549999999995,2897.22155,1.349225,2592.2027166666667
209,KOVA Esports,0.35238888888888886,1847.2164407407408,3.163592592592593,6.69724074074074,979.268362962963,30.565785185185185,2986.017444444445,1.2508925925925927,2663.748714814815
210,Evil Geniuses Academy,0.5165802816901407,2034.3637676056335,3.058349295774647,6.702528169014084,1123.0076309859153,31.049135211267615,3118.5895267605633,1.1797239436619715,2584.6077746478877
211,Team Liquid Academy,0.5318927272727272,2068.68274,2.888974545454545,7.175785454545455,1197.4003581818183,33.110538181818185,2907.409614545455,1.3453745454545454,2704.047363636363
212,CLG Academy,0.4259724637681159,1997.8179115942025,2.811447826086957,6.823691304347826,1091.7783971014492,32.38988550724638,2931.4616579710146,1.2603550724637682,2500.3357057971016
213,Grand View University,0.6509,2208.5948666666663,2.646933333333333,6.210633333333333,1130.4479666666666,29.25883333333333,3469.2766333333334,1.2312333333333334,3639.0557000000003
214,CERBERUS Esports,0.47240666666666653,2161.1616911111114,3.3445622222222218,7.621902222222223,1126.06184,31.926951111111112,3114.82134,1.5750022222222226,2878.291551111111
215,Luxury Esports,0.5274975,2186.0098274999996,3.1599174999999997,7.1024424999999995,1177.71995,33.33854,3324.9568475,1.468545,2746.0393400000003
216,Burst The Sky Esports,0.45424893617021284,1955.219325531915,3.566940425531914,7.645661702127658,1109.8754872340428,32.82492553191489,3006.8582212765964,1.5162361702127662,2536.9298978723405
217,SBTC Esports,0.4545171428571429,1949.3276800000006,3.107822857142857,7.371997142857143,1150.1550399999999,33.422042857142856,3026.131577142857,1.4714428571428573,2681.119105714286
218,NASR eSports Turkey Academy,0.48845172413793103,1865.1785206896554,2.9920862068965515,6.548775862068966,1132.7866965517242,31.05125862068966,2816.2020310344824,1.1461689655172413,2646.8205137931036
219,5 Ronin Academy,0.4103857142857143,1782.7661892857143,2.852492857142857,6.8211,1064.774892857143,31.270528571428574,2769.9049142857143,1.278139285714286,2373.7196035714283
220,MAD Lions,0.4842047619047619,2000.1099222222224,3.5020301587301583,7.564233333333333,1192.277950793651,32.93305396825397,2872.3893396825392,1.5523507936507939,2566.3402253968247
221,SK Gaming,0.3473969696969697,1739.6494484848486,2.9580484848484847,6.82009696969697,1049.2533454545453,32.65213636363636,2721.6282303030303,1.3078515151515153,2407.0791181818176
222,Excel Esports,0.30332068965517245,1715.699727586207,3.2227068965517245,7.144086206896551,1023.4283068965517,31.525727586206898,2705.62244137931,1.2608862068965516,2416.256113793104
223,FC Schalke 04 Esports,0.35784634146341465,1755.2432975609756,3.373236585365854,7.366129268292683,1098.5890487804877,32.76936829268292,2853.6128707317075,1.4080048780487804,2518.4817902439027
224,Fnatic,0.5230444444444444,2051.5689888888887,3.3865333333333334,7.251891666666667,1194.41055,32.33792777777778,3078.2235305555555,1.2303777777777778,2785.3486166666667
225,Windstorm Gaming,0.5772692307692309,2324.012923076923,2.3834461538461538,5.294038461538462,1017.0170846153849,27.491138461538462,3531.2531076923074,0.7963692307692308,3143.0770538461543
226,Bethany Lutheran College,0.6108266666666665,2232.280566666667,2.3128400000000005,5.595793333333334,1083.6167666666668,28.630906666666668,3520.54788,0.8266733333333333,2761.03274
227,Boise State University,0.6028111111111111,2126.092488888889,1.9777555555555557,4.554777777777777,977.4702888888891,24.905822222222223,3716.769788888889,0.5968222222222221,2977.334188888889
228,DetonatioN FocusMe,0.47187499999999993,1855.6872027777779,3.1883444444444446,7.348322222222222,1148.9403444444447,32.216874999999995,2718.1490388888897,1.6456361111111113,2351.471794444444
229,Rascal Jester,0.4245206896551724,1943.352320689655,3.3852,7.635717241379309,1092.5742620689657,31.04738965517242,2772.0280034482753,1.6906758620689653,2542.4860172413796
230,V3 Esports,0.3805487804878049,1854.728968292683,3.2413682926829273,7.297368292682926,1088.644363414634,31.518736585365854,2675.2866951219517,1.615468292682927,2543.681029268293
231,Team Secret,0.48577555555555557,1972.4873644444444,3.201751111111111,7.099644444444444,1162.6925133333334,32.93798,2909.062393333333,1.4329,2392.4944155555554
232,SuperMassive Esports,0.5026608695652174,1828.622965217391,2.790247826086957,6.833817391304349,1161.4365130434783,31.66727391304348,2677.5543260869563,1.3050130434782607,2801.9503826086952
233,Saigon Buffalo,0.5867590909090908,2099.8946227272727,3.5471250000000007,7.552297727272728,1203.5649522727274,32.460381818181816,3036.6482045454545,1.512281818181818,2739.2020409090906
234,Crest Gaming Act,0.3309916666666667,1839.0406208333334,3.4918791666666666,7.4381625,1047.813225,31.992250000000002,2824.2438875000003,1.5378083333333332,2384.7964916666665
235,Dark Passage,0.41838709677419356,1761.3195,2.9463354838709677,6.6933870967741935,1082.9984645161292,31.789461290322574,2603.4411935483868,1.2360193548387097,2496.8463129032257
236,AXIZ,0.37279545454545454,1946.9485227272728,3.6482045454545458,7.706150000000002,1050.0092681818182,31.39739545454546,2987.2946181818184,1.6440545454545452,2897.249668181818
237,1907 Fenerbahçe Esports,0.37765909090909094,1718.7781568181817,2.854825,6.411177272727272,1049.053640909091,31.12874545454545,2674.9155772727277,1.2510227272727272,2529.050818181818
238,Team Flash,0.43773157894736836,1981.3258131578948,3.464031578947368,7.347155263157893,1099.0171157894736,32.188550000000006,3115.7020342105266,1.500221052631579,2695.2831657894735
239,Galakticos,0.42383214285714294,1658.8920035714289,2.927542857142857,6.538914285714286,1073.147317857143,31.149692857142856,2704.056003571429,1.1841714285714284,2165.930017857143
240,GAM Esports,0.6949435897435897,2200.7454435897434,3.453876923076922,7.743064102564103,1301.6942512820515,33.86253333333333,3088.4968461538465,1.4921641025641026,2750.2931076923073
241,Team 7AM Academy,0.48328333333333334,1937.9459291666665,2.1623958333333335,5.1039916666666665,1038.1254833333335,29.4126875,3344.334416666667,0.7427374999999999,2905.85925
242,Dynasty Academy,0.46055833333333335,1636.9458666666667,2.2948583333333334,5.248141666666666,979.5188083333334,28.6457,3050.303775,0.8932500000000001,2390.6220500000004
243,Nerf Galeforce,0.8545952380952381,2486.8968666666665,2.3568857142857143,5.964880952380952,1335.436242857143,31.923438095238094,3319.370904761905,0.8979190476190476,2688.5268285714287
244,Team AURORA,0.22965357142857143,1382.482982142857,2.9621464285714287,6.077978571428571,879.2663249999999,29.875803571428573,2785.431392857143,1.1203535714285715,2191.5941214285713
245,Ion Squad Academy,0.677708163265306,2337.9349183673467,2.446012244897959,5.8770326530612245,1188.3533571428572,30.139587755102042,3093.7919367346935,0.8742897959183674,2381.755173469388
246,Team THRLL Academy Twente,0.6047242424242424,2000.9844303030302,2.713948484848485,6.240493939393939,1157.7899787878787,30.760175757575755,2996.906372727273,0.9417121212121212,2846.579439393939
247,Sector One Fox,0.26705999999999996,1367.6388,2.94054,6.20428,921.13264,30.610440000000004,2782.7232400000003,1.0694,2406.4145
248,Team Echo Zulu Tribe,0.6768958333333334,2150.6784666666667,2.4139041666666667,6.021804166666667,1222.2260125,31.244595833333335,2942.795625,0.9032458333333334,2523.7948916666664
249,Team Vitality,0.33918275862068964,1779.6979,3.29398275862069,7.4017068965517225,1083.271620689655,32.967251724137924,2709.161855172414,1.3939862068965516,2367.4700862068967
250,KaBuM! e-Sports,0.38247647058823525,1864.5211617647058,3.392005882352941,7.71825588235294,1057.174676470588,31.28363823529412,2863.0047705882353,1.54735,2477.4010147058825
251,Astralis,0.39182413793103454,1892.1441620689654,3.3199965517241385,7.074248275862069,1045.210451724138,31.063317241379313,2887.355065517242,1.232748275862069,2688.7821
252,G2 Esports,0.45607380952380955,1994.5829999999999,3.733307142857143,8.086783333333335,1178.6346285714285,33.69164047619048,2872.031285714286,1.4889285714285714,2777.4872261904766
253,Rogue,0.4447499999999999,1940.2470673913047,3.2948500000000003,7.644089130434784,1196.8001739130436,33.90285,2698.810726086957,1.4587,2362.872508695653
254,NASR eSports Turkey,0.46098484848484844,1816.7302060606062,3.269469696969697,7.449154545454546,1189.1751909090913,33.20777878787879,2626.677815151515,1.3737969696969696,2315.52163030303
255,Starlan Gaming Club,0.5904903846153846,2091.6718134615385,2.170153846153846,5.469717307692307,1157.1551923076922,30.17369807692308,3237.1876211538465,0.92945,2882.8142749999997
256,PSV Esports Academy,0.5670138888888889,2198.7518,2.086936111111111,4.857247222222221,1079.8988138888892,29.009600000000002,3065.240422222222,0.7674583333333334,2475.173677777778
257,5 Ronin,0.36729629629629634,1768.7337851851853,3.625425925925926,7.876959259259259,1075.6551407407408,32.23573703703703,2625.1998407407405,1.4733925925925926,2482.586774074074
258,KV Mechelen Esports Academy,0.5314066666666666,1990.0503133333332,2.5705333333333327,6.248946666666666,1018.7546866666667,28.198933333333333,3031.4449000000004,1.04334,2589.1168666666667
259,Liiv SANDBOX Challengers,0.37067941176470587,1779.645161764706,3.6733764705882352,7.908526470588234,1109.2542235294115,33.56778529411764,2622.6992941176472,1.634214705882353,2172.5724205882357
260,Split Raiders,0.416676,1820.870288,2.8831,6.6112720000000005,1127.288752,32.508584,2744.820776,1.15592,2307.486256
261,WLGaming Esports,0.6692588235294118,2265.8078529411764,3.0823264705882356,7.08454705882353,1237.6946088235295,31.411220588235295,2942.2663588235296,1.2738176470588234,2657.830373529412
262,Z10 ESHARK,0.5320464285714285,1884.4678642857143,3.0933357142857147,6.765985714285713,1206.6387928571428,32.62146428571429,2664.3149107142854,1.14305,2334.0756964285715
263,ASUS ROG ELITE,0.3333320000000001,1606.1878480000003,2.545724,5.765068,949.9931359999999,30.146956,2979.042892,0.95934,2586.0603600000004
264,White Dragons,0.5251105263157894,1983.1289236842103,2.993081578947368,7.2167657894736825,1201.207052631579,32.2955552631579,2613.185247368421,1.3054052631578947,2415.8817210526317
265,GTZ Bulls,0.5034730769230769,2024.2387076923076,2.6952499999999997,6.550873076923077,1103.0404461538462,29.91227692307692,3011.782111538462,1.1514538461538462,2630.080842307693
266,Nexus Gaming,0.46091999999999994,1818.9647533333334,2.713713333333333,5.653919999999999,1036.0105933333334,29.552293333333335,2866.5770466666663,0.9773066666666667,2680.61906
267,Karma Clan Esports,0.3429192307692308,1888.8746307692309,2.8355653846153848,6.752384615384617,973.4727807692307,29.580353846153848,3125.174253846154,1.295180769230769,2605.6254461538465
268,For The Win Esports,0.4857621621621621,2027.0592216216216,3.0007243243243242,7.171167567567567,1133.108089189189,30.444810810810807,2883.510659459459,1.283,2476.9576648648645
269,ANEW Genesis,0.45362,1521.1057400000002,3.18828,7.437620000000001,1125.3216799999998,32.196340000000006,2451.4506199999996,1.44072,1952.99146
270,Redemption Arc,0.7004416666666667,2389.2226333333333,2.4994,5.655595833333333,1190.0810166666668,29.040445833333337,3706.3288541666666,0.86255,2819.632379166667
271,Maryville University,0.5709097826086957,2137.297641304348,2.7343304347826085,6.545575,1142.640054347826,30.224460869565224,2966.4656902173915,1.1232782608695653,2324.168973913044
272,Harrisburg University,0.5295,1923.90893,3.09124,6.4471099999999995,1085.8049400000002,29.940430000000003,2908.15895,0.9261000000000001,2318.1444
273,Medieval Riga,0.4138631578947368,1977.7125894736841,2.457052631578948,5.3720368421052624,943.1077157894738,26.770015789473682,3376.260552631579,0.8969631578947367,2539.7726894736843
274,Komil&amp;Friends,0.29903846153846153,1538.856923076923,2.9228576923076925,6.257646153846154,924.6204346153846,28.88185769230769,2922.8850384615384,1.0775576923076924,2396.536269230769
275,Iron Wolves,0.4794391304347826,1947.5904695652175,2.8848739130434784,6.649569565217392,1149.512660869565,31.74126086956522,2893.647595652174,1.186408695652174,2473.53057826087
276,Team Singularity,0.45352352941176477,1989.5055499999999,3.5226941176470588,7.372608823529412,1124.9640764705885,31.006011764705885,2789.6869764705884,1.2608529411764706,2556.4074411764705
277,Goskilla,0.7364457142857144,2329.6778057142856,2.689211428571428,6.7908,1253.8895514285714,31.384762857142857,3032.1414942857145,1.2570714285714288,2910.0991114285716
278,EGN Esports,0.3513137931034483,1785.3054275862069,2.8688103448275863,6.476127586206897,1067.423324137931,31.38334482758621,2808.0078965517237,1.0703275862068966,2464.7511517241383
279,ad hoc gaming,0.36603888888888886,1723.1733777777777,3.0478388888888888,6.693411111111112,1079.785061111111,31.9089,2749.234911111111,1.1128944444444446,2240.9899
280,Granit Gaming,0.37399642857142856,1915.4257392857146,3.0034750000000003,6.695392857142858,1023.8116964285713,30.18949642857143,2966.219914285714,1.3067607142857145,2599.2319357142856
281,KaBuM! Academy,0.37443999999999994,1777.7137766666663,3.349216666666666,7.468096666666668,1060.0876,31.601646666666667,2791.259993333333,1.3950033333333332,2489.7133566666666
282,EFIVE Esports,0.32547200000000004,1538.16212,2.812876,6.070456,953.0141599999998,29.639391999999997,2705.349456,1.1098040000000002,2303.167824
283,OFFSET Esports,0.42998846153846154,1923.0281576923078,3.1410192307692313,7.133515384615384,1125.9941307692309,32.07713846153847,2729.2638500000003,1.1747999999999998,2461.839353846154
284,Boavista FC,0.46146333333333334,1910.4052233333337,3.217436666666667,6.751866666666667,1070.1170399999999,30.130423333333336,2984.311466666667,1.1697333333333333,2769.0840000000003
285,Illuminar Gaming,0.38942105263157895,1812.6848964912283,3.1195666666666666,7.0797491228070175,1117.0897807017545,32.61736315789474,2556.1057192982457,1.3329192982456142,2488.062463157894
286,Vikingekrig Esports,0.50083,2068.47681,2.9734725,7.2570475000000005,1119.3560625,30.348509999999997,2834.916625,1.3058875,2533.8455774999998
287,eSuba,0.5752666666666667,2046.6868187499997,3.1215083333333333,7.0647125000000015,1182.2260520833333,30.46496458333333,3019.6033479166667,1.2083104166666667,2605.2791500000003
288,Cruzados Esports,0.5192203125,2111.02565625,3.0461875000000003,7.5869421875,1198.7773265624999,32.39735937499999,2835.6737796874995,1.4065296875,2669.1749453125003
289,Inside Games,0.627697435897436,2168.2409153846143,3.1346717948717955,7.212710256410257,1191.1710333333335,31.222961538461544,3057.6728307692306,1.1384153846153848,2539.064738461539
290,Newstar,0.3733046511627906,1763.3301302325578,3.154297674418604,6.900693023255815,1035.973748837209,30.65639069767441,2748.097734883721,1.275027906976744,2561.1504395348834
291,Undead Gaming,0.5895578947368422,2131.403345614035,3.1190894736842103,7.341064912280701,1254.3223684210527,32.92891052631579,2839.3247245614034,1.430357894736842,2478.629507017544
292,Inaequalis,0.34305769230769234,1685.8588038461535,2.7283000000000004,6.2298230769230765,938.2332923076922,29.076411538461546,2859.3216769230776,1.0947423076923077,2387.785996153846
293,Kaos Latin Gamers Academy,0.40291136363636376,1925.7024636363633,3.260525,7.405679545454546,1068.0600568181817,30.837152272727277,2872.174552272727,1.4070204545454545,2882.8038386363633
294,Stone Movistar,0.38786666666666664,1741.1281270833333,3.2662166666666668,7.111689583333333,1057.69099375,30.811866666666663,2635.59306875,1.1804979166666667,2357.5026916666666
295,TSM Academy,0.42432187499999996,1870.4991203125,3.5568234375,7.1545,1104.7636562500002,31.943635937499998,2980.1915156249997,1.253771875,2669.2989609375
296,Boca Juniors Gaming,0.36600000000000005,1746.379702272727,3.0804477272727273,7.036145454545454,1019.8255386363638,30.089761363636363,2657.035311363636,1.306809090909091,2424.215443181818
297,Santiago Wanderers eSports,0.37227021276595745,1833.519612765958,3.1078191489361706,7.004972340425532,1046.968055319149,30.794538297872336,2711.2568340425532,1.3457340425531916,2421.374689361702
298,Intel New Indians,0.35159599999999996,1853.196588,3.315132,6.91132,1009.246412,29.805967999999996,2900.2020079999998,1.2368160000000001,2408.1482359999995
299,Dark Horse,0.4030490196078432,1861.3801117647056,3.239005882352941,7.1025156862745105,1040.6445803921567,30.35667450980392,3023.6828156862744,1.3402705882352943,2547.7883803921563
300,Immortals Academy,0.438696,2053.6839879999998,3.2327560000000006,7.336328,1108.507722,31.725078,2931.322718,1.386988,2667.0257659999997
301,ODIN Gaming,0.38828399999999996,1790.974724,3.3664519999999998,7.573476,1094.544152,32.960676,2781.801092,1.421076,2368.127424
302,Globant Emerald,0.47968199999999994,1967.0345339999997,3.095894,7.1868500000000015,1148.542958,31.1881,2820.064144,1.3302320000000003,2357.690648
303,eBRO Gaming,0.2586355555555555,1607.4226577777774,3.136175555555555,6.461111111111111,916.4498333333332,29.60268222222222,2656.6597733333333,1.0756466666666666,2359.315913333334
304,Beşiktaş Academy,0.3300214285714286,1634.06845,3.0265214285714284,6.834271428571427,1004.6789107142856,31.004692857142857,2649.3283392857143,1.2727892857142857,2342.2357500000003
305,GamerLegion,0.4530138888888888,2072.037908333333,3.0156000000000005,6.821730555555556,1126.3290888888887,31.816897222222224,2988.3676777777773,1.1715888888888886,2572.608411111111
306,Dark Tigers,0.4600371428571429,1842.9569285714283,2.6610371428571424,5.627374285714285,1084.857605714286,30.357637142857143,3084.7690800000005,0.9183457142857142,2498.4304799999995
307,Team Infamous,0.50495,2264.8604,2.94303,6.28336,1053.98544,29.31196,3162.5566799999997,1.01086,2667.41993
308,Crvena zvezda Esports,0.4075359999999999,1802.6491599999997,2.755032,5.995436,1042.224372,30.435100000000002,2933.159628,1.02232,2439.896972
309,SINNERS Esports,0.5755666666666667,2205.1346979166665,2.8671354166666667,6.747297916666668,1157.08169375,30.723410416666667,3066.4230208333333,1.1925166666666667,2650.252425
310,Australs,0.3864678571428571,1712.3980857142858,3.5963607142857135,7.545078571428571,1095.4020821428571,31.217742857142856,2678.6852750000007,1.2351607142857142,2746.9777500000005
311,ŠAIM SE SuppUp,0.5333266666666666,1901.2480833333334,3.0228333333333333,6.912246666666666,1207.9211833333334,32.16974333333334,2781.0153500000006,1.2664133333333332,2536.75292
312,S2V Esports,0.3910333333333333,1936.279918181818,3.131987878787879,7.064121212121211,1069.8862151515152,31.417824242424242,2977.600615151515,1.3447363636363636,2683.682481818182
313,ECLOT,0.40638888888888886,1940.6016055555556,2.8775611111111115,6.773072222222222,1004.8757499999998,29.418305555555555,3154.650094444444,1.1909222222222222,2755.400711111111
314,Furious Gaming Chile,0.5153916666666666,2011.4465449999998,3.0769650000000004,7.411253333333334,1173.6484750000004,31.831613333333333,2807.9629883333328,1.4368900000000002,2730.2799099999997
315,Savage Esports,0.46775849056603774,1898.6154735849054,3.600537735849057,7.441888679245284,1122.5475641509433,31.07572830188679,2793.0818679245285,1.3790490566037734,2376.29019245283
316,Rebirth eSports,0.37822264150943397,1805.8487056603772,3.177988679245283,6.780858490566037,1010.720024528302,29.85597735849057,2818.031016981132,1.1577471698113206,2578.5167811320753
317,CASLA Esports,0.4384754098360656,1926.6525327868849,3.377404918032787,7.519144262295082,1146.3130786885247,31.774534426229508,2509.548170491803,1.4005754098360657,2311.117073770492
318,River Plate Esports,0.44186857142857144,1877.9974114285715,3.4453742857142857,7.786765714285713,1146.5816657142857,32.030088571428564,2683.6874142857146,1.4999171428571427,2841.2093542857137
319,LDM Esports,0.391793023255814,1843.2066186046513,3.1230604651162794,7.4175930232558125,1073.7565139534884,30.891267441860467,2715.2859744186044,1.4535534883720933,2552.84178372093
320,New Pampas,0.42544000000000004,2037.211028,3.057108,7.7485159999999995,1134.7705600000002,31.819815999999996,2853.3431879999994,1.4359240000000002,2661.322424
321,Movistar Optix,0.4746166666666667,1984.749383333333,3.3672166666666663,7.154370370370373,1132.4532870370372,31.319920370370372,2814.303751851852,1.2536537037037037,2560.9560425925924
322,Maycam Evolve Gaming,0.43207872340425524,1843.2268468085106,2.796389361702128,6.356897872340426,1021.9372680851063,29.606661702127663,2956.503536170213,1.185023404255319,2367.117657446808
323,Bencheados,0.34932500000000005,1718.7614386363637,3.1224113636363637,7.117811363636363,1032.3953749999998,30.87514545454546,2783.8339886363638,1.397215909090909,2624.189309090909
324,Naguara Team,0.28890638297872345,1617.6006617021274,3.0241978723404257,6.692236170212765,962.7577191489362,29.358563829787236,2762.8268702127657,1.2774829787234043,2344.0379234042553
325,Misfits Gaming,0.45395172413793106,1966.0228793103447,3.192075862068965,7.142462068965517,1152.8325172413795,33.01086206896552,2870.376751724137,1.3533517241379314,2746.8550172413798
326,ThunderTalk Gaming Young,0.5009655555555556,2114.627175555556,2.8199022222222223,,1172.39637,32.73211333333334,3017.0623688888886,1.4310611111111111,
327,Beşiktaş Esports,0.40219999999999995,1809.2083285714289,3.1878142857142855,7.381342857142857,1104.8685928571429,32.689532142857146,2595.3265535714286,1.486682142857143,2314.998771428571
328,Dutch Community Team,0.5801888888888889,2283.3132111111113,2.2073222222222224,5.478233333333333,1094.9573555555555,28.153344444444443,3704.3815,0.7476333333333334,2721.2895444444443
329,Bastards Esports,0.8316200000000002,2603.579216666667,2.4529399999999995,5.912716666666666,1265.0266100000001,28.888246666666667,3477.3769500000003,0.8726633333333333,2860.8874366666673
330,All Knights,0.37510000000000004,1958.4726529411764,3.0853676470588236,7.0830529411764696,1086.0002000000004,31.75723823529412,2970.5431617647064,1.4217029411764708,2733.995682352941
331,XTEN Esports,0.43500869565217387,1743.9455869565218,3.1764869565217393,7.233321739130434,1066.5691260869564,30.759465217391302,2754.6074739130436,1.398460869565217,2327.794682608696
332,Kaos Latin Gamers,0.2862227272727273,1977.801963636364,3.429672727272727,7.158213636363637,978.5376454545453,30.89064090909091,3139.372631818181,1.3824954545454544,3005.564768181818
333,Isurus,0.3244772727272727,1716.7900499999998,3.449659090909091,7.210690909090909,1009.7280454545453,31.183986363636368,2726.650236363637,1.317127272727273,2387.5571954545453
334,Sengoku Gaming,0.34544375,1682.8228,3.3860375,7.55000625,1090.55689375,32.605437499999994,2642.199125,1.67343125,2484.97144375
335,Fukuoka SoftBank Hawks gaming,0.33183599999999996,1650.4372600000002,3.3124000000000002,7.263428,1034.440316,32.369339999999994,2766.8715759999995,1.5115040000000002,2632.61128
336,4Elements Scuttle Squad,0.6102518518518519,2118.266725925926,2.3677703703703705,5.810892592592592,1129.2574074074075,29.000170370370373,2989.2073814814817,0.8315518518518519,2817.963474074075
337,İstanbul Wildcats,0.4863186046511629,1885.000772093023,2.685395348837209,6.676820930232558,1139.4524279069767,31.170174418604653,2840.4146790697673,1.3327441860465117,2694.7438744186047
338,Galatasaray Esports,0.47246944444444444,1890.7822416666668,3.071947222222222,7.432338888888889,1160.9356999999998,32.10462777777778,2569.8772194444446,1.379372222222222,2283.1051638888885
339,BRUTE,0.3904884615384615,1871.1951615384614,2.7190576923076923,6.042126923076923,1055.3449423076922,31.275161538461536,2798.428673076923,1.0970192307692308,2478.2201538461536
340,Furious Gaming,0.40669354838709687,1804.1413193548385,3.6573838709677426,8.005445161290323,1092.9278161290324,32.06521290322581,2829.9836999999998,1.6105483870967745,2448.0953096774188
341,CR4ZY,0.46519444444444447,1856.20075,2.8248888888888883,6.833066666666666,1130.5449055555555,31.706211111111106,2829.7307666666666,1.2815833333333335,2728.2985611111117
342,x25 Esports,0.44447857142857156,1853.4076535714282,2.764653571428571,6.876121428571428,1090.6525749999998,30.90908214285714,2548.5283678571427,1.3608,2416.3437321428573
343,Team Queso,0.4163833333333333,1967.1043944444443,3.2127277777777774,7.478716666666667,1120.9826,32.09126944444444,2975.693286111111,1.4520805555555552,2741.453786111111
344,No Org,0.6228375,2138.6152464285715,2.891330357142857,7.063780357142858,1245.5498732142858,32.33107678571429,2894.433251785714,1.3219660714285715,2440.8493214285713
345,Method2Madness,0.6105742857142857,2134.3257114285716,2.6895942857142856,6.186562857142857,1158.748877142857,30.085302857142857,3157.302162857143,1.0028085714285713,2642.2735742857144
346,STOPWATCH eSports,0.3345285714285714,1591.1622571428575,2.6628928571428574,6.0492357142857145,951.7352214285713,29.112321428571427,2769.701621428572,1.0680571428571426,2531.448342857143
347,Dark Tigers Academy,0.6209382352941177,2104.05445,2.574232352941176,6.076470588235294,1191.1209029411762,30.404282352941177,2869.692488235294,0.9714117647058823,2362.4588352941173
348,Vikingekrig Academy,0.606428,1995.493708,2.9717399999999996,6.728364,1203.824688,30.96258,2755.3550879999993,1.056088,2411.9007880000004
349,Gaming Team Kravaře,0.4356483870967742,1730.7395483870966,2.9284161290322577,6.794851612903225,1058.499848387097,30.740783870967743,2740.8201935483867,1.1451870967741933,2251.073029032258
350,Galatasaray Academy,0.4897470588235295,1954.7749852941176,3.2295470588235293,7.3633588235294125,1141.5356529411763,31.41892058823529,2776.648426470588,1.3168617647058822,2644.5249558823525
351,PIGSPORTS,0.7739399999999999,2363.3602266666667,2.2809600000000003,5.7652866666666664,1226.8677933333333,30.476633333333332,3333.3065666666666,0.9990066666666668,2938.447253333333
352,Fnatic Rising,0.5943836734693877,2123.9651979591836,3.1959408163265306,6.934338775510204,1229.7702653061224,32.29322244897959,2847.9808367346936,1.196334693877551,2426.6994714285715
353,İstanbul Wildcats Academy,0.46364193548387095,1905.3449516129033,2.932712903225806,7.4296225806451615,1181.2197967741938,32.6964935483871,2722.3737032258073,1.4725064516129034,2517.588387096774
354,Burning Core,0.2757285714285714,1738.613142857143,3.5406761904761916,7.3616904761904784,976.7069047619049,31.36518095238096,2636.9488333333334,1.6031047619047618,2375.7216619047617
355,Dynamo Esports,0.43233684210526313,1807.8886157894735,2.886078947368421,6.273089473684211,1084.2651105263158,31.190800000000003,2991.5488631578946,1.0461210526315787,2591.911494736842
356,Glorious Gaming,0.4822823529411765,1951.1159235294117,2.9494235294117646,6.786629411764706,1041.6420235294117,29.422911764705884,3118.383070588235,1.1157941176470587,2966.9800176470585
357,Inside Games Academy,0.34520869565217394,1697.5026478260872,2.968578260869566,6.178082608695651,952.0627130434783,28.860117391304346,2913.545995652174,1.0015478260869564,2622.942539130435
358,Estral Esports,0.3999115384615385,1958.1209846153845,3.48385,7.877811538461538,1071.8876923076923,31.29786923076923,2784.879465384615,1.5445192307692304,2689.888934615385
359,Rainbow7,0.4412451612903226,2088.0760516129035,3.1595193548387095,7.844167741935484,1146.533641935484,32.12835806451613,2875.260787096774,1.566293548387097,2772.2200806451606
360,Infinity Esports,0.45877073170731714,1879.9986878048783,3.58999512195122,8.149231707317075,1166.9075707317074,33.1465512195122,2679.4184390243904,1.6252048780487804,2403.4705731707318
361,ECLOT Academy,0.5281171428571427,1905.8165342857142,2.673097142857143,6.331717142857143,1138.5331057142855,30.52534571428572,2844.1142,1.0908114285714285,2478.9452142857144
362,Resolve,0.5388166666666666,2017.482722222222,2.8610333333333333,7.0615749999999995,1149.6525916666667,30.440630555555558,2795.330477777778,1.2393861111111109,2621.2688999999996
363,Zoos Gaming,0.5631363636363637,2113.736853030303,2.7358787878787876,6.402878787878788,1170.7005681818182,31.48997727272727,3016.3444151515155,1.1518893939393937,2837.0462272727273
364,Gambit Esports,0.46595000000000003,1868.3944666666669,3.192527777777778,7.2923277777777775,1163.350861111111,32.418638888888886,2826.234355555556,1.362761111111111,2681.728261111111
365,One Breath Gaming,0.4391217391304348,2030.583204347826,2.999908695652174,7.081395652173914,1148.6311173913045,31.893334782608694,2530.8075956521743,1.353591304347826,2446.391795652174
366,Vega Squadron,0.32448571428571427,1580.458980952381,3.0330809523809523,6.7728142857142855,1000.5501666666664,30.443461904761904,2484.983376190477,1.2262333333333335,2247.5041666666666
367,CTRL PLAY,0.29569999999999996,1573.4797285714283,3.0602761904761904,6.19270476190476,957.3194,30.955557142857142,2916.3949476190473,1.0458238095238095,2478.9596714285717
368,RoX,0.295555,1552.361805,3.052925,6.400799999999999,955.2729749999999,30.514924999999995,2797.3952499999996,1.2054850000000001,2484.1588199999997
369,Unicorns Of Love.CIS,0.4561,1887.080052631579,2.805028947368421,6.621952631578947,1121.3244289473687,31.813426315789467,2737.411657894737,1.2680368421052632,2395.467205263158
370,PSG Talon,0.6144634615384615,1977.9848,3.5118557692307686,7.988950000000001,1275.9217942307691,34.13920769230769,2661.2747076923083,1.7064769230769234,2497.504230769231
371,Berjaya Dragons,0.37448076923076923,1708.3541076923077,3.6571,7.249580769230767,1052.9573153846154,31.25786153846154,2755.736846153846,1.4893269230769233,2211.200246153846
372,BOOM Esports,0.39291481481481483,1865.6348814814817,3.289133333333334,7.376196296296296,1080.1449481481482,32.248444444444445,2755.9932592592586,1.484974074074074,2373.4052074074075
373,Alpha Esports,0.30217826086956523,1599.8947826086953,3.1016782608695648,6.561208695652175,962.3811000000002,30.980147826086952,3048.6694260869567,1.2932086956521738,2414.4050956521746
374,Beyond Gaming,0.45933513513513513,1962.1716459459458,3.522981081081081,7.607364864864864,1151.8032405405404,32.84845405405405,2930.5574756756755,1.6254729729729729,2668.8394108108114
375,Murk Esports,0.49485,1962.9802,2.2016,5.0639,948.8525,26.495,3986.55335,0.6852,3240.5214
376,Hong Kong Attitude,0.4188642857142857,1915.8734214285716,3.2980392857142857,7.162932142857143,1061.3410749999998,31.232964285714285,2972.305621428571,1.401132142857143,2452.429610714285
377,Impunity,0.37767692307692313,1816.2902307692307,2.7215615384615384,6.087784615384615,1010.8779269230768,30.881696153846153,2955.526746153846,1.2571038461538462,2544.2479115384613
378,Liyab Esports,0.2736545454545455,1587.282954545455,2.867259090909091,5.833236363636363,907.5455863636362,30.459699999999998,2869.746663636364,1.1745909090909092,2300.627718181818
379,CrowCrowd,0.45450357142857145,1946.9062571428572,3.2365107142857146,7.7052499999999995,1148.0059035714287,31.886828571428566,2797.8321,1.4267964285714283,2914.9469678571436
380,J Team,0.5064029411764706,2027.273717647059,3.2165735294117646,7.534529411764707,1200.3708088235294,33.79152647058824,2866.0225852941176,1.6175911764705884,2535.412138235294
381,Dragon Army,0.4152,1844.42653,3.1525050000000006,7.091669999999999,1049.2184049999998,31.058355,2786.5139950000003,1.2840799999999999,2451.0678749999997
382,MAMMOTH,0.37057499999999993,1767.2903458333333,2.8825041666666666,6.125062499999999,932.9190666666667,28.205637499999998,3086.2167375000004,1.094825,2280.0312625
383,Legacy Esports,0.45305599999999996,1944.5295319999998,2.921156,6.8372,1052.0544120000002,29.809772,3096.6161960000004,1.1923839999999999,2459.840932
384,Gravitas,0.38499199999999995,1781.9056559999997,2.505764,6.074096,1003.670264,29.620304,3047.772696,1.063428,2473.673936
385,Dire Wolves,0.47446060606060597,1987.2503484848482,2.8194,7.05359090909091,1118.8905484848483,32.321415151515154,2832.6990393939395,1.2875757575757576,2433.526515151515
386,PEACE,0.4953357142857143,1984.5296238095239,3.039842857142857,7.4194523809523805,1147.105295238095,32.363992857142854,2804.330971428571,1.4329928571428572,2510.3896571428572
387,Pentanet.GG,0.45287169811320765,1802.1868867924527,3.057137735849057,7.06253962264151,1113.9746018867922,32.53672830188679,2728.1867452830193,1.265692452830189,2606.9714415094345
388,Machi Esports,0.5166999999999999,2030.6214054054049,3.422797297297298,7.654970270270269,1187.5814945945945,32.575270270270266,2869.8256378378383,1.6110216216216215,2444.6810378378377
389,Team Universe,0.465669696969697,1983.759633333333,2.6611151515151517,6.3271030303030305,1096.3745636363637,30.654600000000002,2963.7837393939394,1.1244181818181818,2794.560609090909
390,Chiefs Esports Club,0.5162657142857143,2031.6469571428572,2.6364714285714284,6.694039999999999,1143.0496971428572,31.88835428571428,2877.874917142857,1.2464114285714285,2665.135954285714
391,ORDER,0.4983428571428571,1931.7342678571429,2.952607142857143,6.798492857142857,1123.6105357142858,31.446425,2804.89295,1.1848857142857145,2494.92105
392,Dignitas Mirage,0.48621538461538455,1963.2290480769227,2.742725,6.2326500000000005,1078.3277019230768,30.084046153846153,2958.4566653846155,1.0246653846153846,2563.322976923077
393,Galaxy Racer Esports EU Male,0.6092238095238096,2203.5184,2.792519047619048,6.799490476190476,1183.710619047619,31.0119619047619,2957.1897714285715,1.2347142857142857,2597.608195238095
394,Bifrost,0.4545090909090909,2103.2352,2.7866272727272725,6.095618181818182,1051.8417636363638,31.21504545454546,3203.692290909091,1.0279363636363636,2562.163318181818
395,Viperio,0.48010909090909093,2070.3023181818176,2.701772727272727,6.60045,1040.4373227272727,29.73135,2790.6935727272726,1.1262636363636365,2575.6201227272727
396,Area of Effect Brady,0.8191999999999999,2510.1235090909086,2.5696545454545454,6.099036363636364,1220.5168181818183,29.448963636363636,3523.1196363636363,0.9364727272727272,2662.8688363636365
397,Area of Effect Randoms,0.656625,2164.508004545454,2.870265909090909,6.547147727272729,1190.857484090909,30.868281818181813,2895.1462749999996,1.1275363636363638,2446.9920500000003
398,University of Texas at Dallas,0.4895181818181818,2030.5547454545451,2.664963636363636,6.139636363636364,1012.8787636363638,28.200209090909087,3144.9500454545455,1.1007181818181817,2635.2929636363638
399,Area of Effect Will's Kittens,0.8828333333333334,2594.692946666667,2.7780600000000004,6.1000000000000005,1291.2018333333335,29.44722666666667,3316.731493333333,0.9040199999999998,2495.2549533333336
400,"University of California, Irvine",0.5942937500000001,2217.68856875,2.4082125000000003,5.72505,1066.13964375,27.58255,3501.87115,0.9858750000000001,2866.94474375
401,Scouting4ProScene,0.4306375,2143.511325,2.5849,6.1903125,1018.1985125,28.80585,3329.202025,0.9363250000000001,2875.9569375
402,Area of Effect Esports,0.5996782608695652,2093.289756521739,3.0884260869565217,6.756469565217391,1182.1494260869563,30.44658260869565,2911.245973913043,1.1839782608695653,2471.723626086956
403,Umbra Divinus Gaming,0.5882043478260869,2173.7166217391305,2.962256521739131,6.8202304347826095,1160.9470130434784,30.27749130434783,2885.2182260869567,1.2364956521739128,2444.1704217391307
404,Box Gaming,0.39801818181818177,1792.3795181818182,3.3022000000000005,7.099027272727273,1125.0044636363634,34.34611818181818,2754.7621818181815,1.531118181818182,2506.775218181818
405,Olympiacos Alimou,0.506325,2091.9335,3.18175,7.988125,1109.43765,30.515375,3220.4781999999996,1.389,3214.448875
406,Ualá New Pampas,0.4496633333333333,1884.2697366666664,3.1299066666666673,7.288473333333334,1113.2527566666665,30.808703333333327,2737.849906666667,1.3755099999999998,2507.4134333333336
407,River Plate Gaming,0.3291,1656.3544904761907,3.504990476190476,7.602119047619047,1042.1981666666666,31.18164761904762,2438.364866666667,1.5180333333333333,2174.674309523809
408,WAP Esports,0.28362727272727273,1419.4141272727275,3.1267045454545452,6.62003181818182,899.1884863636365,28.94841363636364,2711.68115,1.292809090909091,2206.1958590909094
409,Radiance,0.5265071428571428,2181.3781285714285,2.1950642857142855,5.4268,1020.9033071428572,27.936649999999997,3225.5258214285714,0.970492857142857,2403.0063714285716
410,Wildcard Gaming Black,0.5700842105263156,2065.6538473684213,2.6848894736842106,6.152763157894737,1122.0988631578946,29.82008421052632,3198.8602736842113,1.0523736842105265,2585.106642105263
411,Wildcard Gaming Red,0.7835178571428572,2364.8682964285717,2.9206607142857144,6.969485714285715,1284.7844499999997,31.79447142857143,2914.2738857142854,1.1779428571428572,2420.6532964285716
412,Resolve NA,0.5601076923076923,2036.7586423076925,3.442830769230769,7.1756153846153845,1171.100623076923,31.582019230769227,2793.3339615384616,1.275623076923077,2580.015757692308
413,TSM Amateur,0.6016941176470589,2130.256094117647,3.023476470588235,6.505400000000001,1173.4394941176472,30.61171176470588,2864.8446352941173,1.1137882352941177,2336.2783
414,WAVE Esports,0.33615999999999996,1978.8234933333333,3.1305800000000006,7.09126,999.7962466666664,30.728613333333332,2915.9730466666665,1.2308866666666665,2344.78176
415,Gaia Esports,0.653825,2100.77078125,2.75165625,6.6524,1228.4687875,30.700981249999998,3113.90098125,1.2336125,2656.802525
416,GGEsports,0.35985333333333336,1662.8292133333334,2.690913333333334,6.055106666666668,1050.1005066666667,31.581693333333337,2853.2118,1.2719333333333336,2347.440966666667
417,Vorax Liberty,0.5905583333333333,2299.6569833333338,3.4531666666666667,7.699758333333333,1187.0502166666668,29.691675,2780.4124166666666,1.406125,2572.6618583333334
418,Resolve Academy,0.4854916666666667,1797.7379249999997,2.8870333333333336,6.637066666666667,1136.317075,30.966275000000007,2800.496416666667,1.1556000000000002,2344.52275
419,Netshoes Miners,0.3633916666666666,1892.5917416666668,3.310133333333333,6.819216666666665,1013.9109916666666,30.055874999999997,2927.2944583333338,1.264225,2827.3561749999994
420,Lucent Esports,0.41123333333333334,2022.9998333333335,2.5794055555555553,6.190833333333334,1035.615616666667,28.504588888888893,2902.807794444444,1.0868,2891.610577777778
421,PDW,0.40021666666666667,1907.0113666666666,3.095558333333333,7.091666666666665,1132.777575,32.72040833333333,2510.06025,1.3226416666666667,2331.24525
422,Vorax Liberty Academy,0.4717916666666666,1946.9545583333331,3.5484500000000003,7.961575,1155.864608333333,31.72393333333333,2616.9612083333336,1.5508083333333333,2442.5444583333333
423,Ultra Prime,0.37050869565217387,1929.7401739130437,3.333734782608695,,1078.4686130434784,32.25351739130435,2821.81777826087,1.5337695652173915,
424,Netshoes Miners Academy,0.34370000000000006,1738.6558499999999,3.1580083333333335,6.723908333333333,1006.8215083333334,29.747933333333336,2676.8498416666666,1.3827416666666668,2487.5674333333336
425,Team THRLL Academy,1.1040636363636365,2679.1135818181824,2.4941454545454547,5.775145454545455,1411.4498999999998,30.483009090909093,3238.3276363636364,0.9059909090909091,2752.5051272727273
426,mCon esports Rotterdam Academy,0.39315,1971.5079500000002,2.19055,5.745374999999999,924.4083,28.120600000000003,3236.4904375,1.2743,2509.9211625
427,Starlan Gaming Club Academy,0.5563571428571427,2150.587204761905,2.774747619047619,6.514385714285714,1075.6132619047617,29.007809523809524,3019.9313285714284,1.0694666666666668,2643.1030571428573
428,Echo Zulu Domme Jongens,0.81332,2468.74928,2.1795599999999995,5.639849999999999,1239.92361,28.6937,3229.1283599999997,0.73362,2692.45605
429,Domme Jongens Academy,1.24011,2665.98534,2.0058599999999998,5.28111,1505.7252,31.372769999999996,2702.55299,0.68089,2210.2306799999997
430,SuperMassive Blaze,0.37951111111111113,1768.5909888888891,2.8808777777777776,6.558044444444445,1088.9131666666667,31.975533333333335,2920.3815555555557,1.3208444444444443,2614.5023888888886
431,Zero Tenacity,0.6484099999999999,2326.19652,3.3440399999999997,7.210800000000001,1251.23376,29.645959999999995,3016.7021699999996,1.12945,2734.96591
432,Ultra Prime Academy,0.45279310344827595,2019.8380413793102,3.424013793103448,,1185.1798724137932,32.25796896551724,2767.1536172413794,1.493796551724138,
433,Wortex Gaming,0.5086666666666667,2155.7366555555554,2.8671222222222226,6.615088888888889,1076.3799777777776,29.554288888888884,3339.899644444444,1.1234444444444442,2889.4269333333336
434,Dynamo Eclot,0.4504333333333333,2065.4818416666667,2.7559083333333336,6.884566666666665,1103.1048083333333,30.581875,2877.6833083333336,1.2729583333333334,2759.5676083333333
435,SuperMassive Blaze Academy,0.4798545454545454,1871.2950727272728,3.267009090909091,7.97608181818182,1204.2883909090908,32.53179090909091,2859.2049636363636,1.3143363636363636,2513.3219000000004
436,NK Osijek Esport,0.34648,1697.66131,2.68764,6.233300000000001,943.6466800000001,28.525,3072.40122,1.1658600000000001,2324.55592
437,ConViction Moon,0.5624800000000001,2304.6517400000002,2.2849,6.11258,1057.7431199999999,27.547340000000002,3170.71488,1.04512,2911.68442
438,Dare White,0.50288,2021.7704299999998,2.56209,5.417540000000001,1051.56195,27.210359999999998,3324.71851,0.84331,2340.7444800000003
439,Nexus KTRL,0.44437,2059.13688,2.5656,6.84426,1098.13189,31.890249999999998,2652.1974600000003,1.22749,2313.15009
440,Glaive Esports Prime,0.52442,2140.01488,2.36972,5.135160000000001,958.6801599999999,26.316399999999998,3156.5843200000004,0.8583000000000001,3026.49486
441,Ping is the Problem,0.39848333333333336,1819.4550166666668,2.615233333333333,5.6093,913.8731666666666,26.953933333333335,3107.0797500000003,0.9918000000000001,2560.044716666667
442,Dynamo Eclot Academy,0.3547444444444445,1673.2977888888888,3.019166666666667,6.7993555555555565,1051.642911111111,30.43082222222222,2682.044766666667,1.1818666666666666,2170.323866666667
443,eSuba Academy,0.4364555555555556,1852.4331666666667,2.8982555555555556,6.663422222222222,1134.9807333333333,31.3782,2552.9586777777777,1.1663444444444444,2486.2271111111113
444,Valiance,0.51461,2111.0233200000002,2.55003,6.38097,1215.79189,32.74065,2606.81187,1.11931,2406.91408
445,Esport Academy,0.4808222222222222,1912.4160222222224,2.0586222222222226,5.726633333333334,1167.7260666666666,31.991544444444443,2564.1978666666664,1.1138000000000001,2362.3233111111113
446,Black Star Gaming,0.44431666666666664,2064.8826499999996,2.97155,6.760283333333334,1112.6676833333333,29.442400000000003,3272.4520833333336,1.3493833333333336,3455.6361
447,BRUTE Academy,0.39016666666666666,1631.4059,2.4079888888888887,5.811922222222222,998.6785,30.334355555555558,2839.003311111111,1.0283333333333333,2308.7038666666663
448,GOEXANIMO,0.6209444444444445,2525.9376444444442,2.358477777777778,6.141644444444445,1182.679688888889,29.84917777777778,3014.614266666667,1.0756333333333334,2827.4420333333333
449,Spear Gaming,0.41373333333333334,1696.5071333333333,3.2756000000000003,,1030.8921666666665,30.935999999999996,2570.2012666666665,1.3032000000000001,
450,Leviatan Esports Chile,0.33837500000000004,1943.255175,3.689,6.9807,1011.7314,32.174425,2748.9344499999997,1.267225,2469.65665
